{
    "cold_start": {
        "total_time": {
            "mean": 4.897942459996557,
            "std": 0.293181266689471,
            "ci_95": 0.3640326237960925
        },
        "model_load": {
            "mean": 4.607295739999972,
            "std": 0.18798154197040579,
            "ci_95": 0.23340991299148275
        },
        "file_load": {
            "mean": 0.0007082399970386177,
            "std": 0.0004381923439070351,
            "ci_95": 0.0005440876577178879
        }
    },
    "warm_start": {
        "total_indexing_time": {
            "mean": 0.2899055199988652,
            "std": 0.10530080291077744,
            "ci_95": 0.1307482159562625
        },
        "embed_time": {
            "mean": 0.2895362399984151,
            "std": 0.10458911163979681,
            "ci_95": 0.12986453452724994
        },
        "index_time": {
            "mean": 0.00036928000045008955,
            "std": 0.0007122716095999161,
            "ci_95": 0.0008844020145828623
        }
    },
    "query_stats": {
        "encode_time": {
            "mean": 0.011160401400178672,
            "std": 9.217964824825206e-05,
            "ci_95": 0.00011445615059694127
        },
        "search_time": {
            "mean": 4.1675999615108593e-05,
            "std": 1.4498227978803744e-06,
            "ci_95": 1.8001927719031134e-06
        },
        "total_latency": {
            "mean": 0.01120308739997563,
            "std": 9.128198314430301e-05,
            "ci_95": 0.00011334155215492389
        },
        "throughput_qps": {
            "mean": 89.26584905839223,
            "std": 0.7272878264915129,
            "ci_95": 0.9030471104863774
        }
    },
    "system_stats": {
        "peak_memory_mb": {
            "mean": 0.02109375,
            "std": 0.047167058900386194,
            "ci_95": 0.05856563893776596
        },
        "chunk_time": {
            "mean": 3.296000068075955e-05,
            "std": 1.079573646381311e-05,
            "ci_95": 1.340467730121235e-05
        }
    },
    "raw_iterations": "5"
}