{
    "100": {
        "model_memory_mb": {
            "mean": 26.33125,
            "std": 0.19941779272343654,
            "ci_95": 0.2476098938259517
        },
        "embedding_memory_mb": {
            "mean": 0.146484375,
            "std": 0.0,
            "ci_95": 0.0
        },
        "embed_time_seconds": {
            "mean": 1.8267483199946581,
            "std": 0.1765541006373203,
            "ci_95": 0.21922087049660485
        },
        "index_time_seconds": {
            "mean": 0.00015692000451963394,
            "std": 3.653973333581971e-05,
            "ci_95": 4.5370071387053266e-05
        },
        "index_memory_mb": {
            "mean": 0.14652729034423828,
            "std": 0.0,
            "ci_95": 0.0
        },
        "total_controlled_memory_mb": {
            "mean": 26.62426166534424,
            "std": 0.19941779272343654,
            "ci_95": 0.2476098938259517
        },
        "query_latency_mean_ms": {
            "mean": 10.909103800164303,
            "std": 0.6853925138744253,
            "ci_95": 0.8510272091162479
        },
        "throughput_qps": {
            "mean": 91.94721300179171,
            "std": 5.995043913689946,
            "ci_95": 7.443830195279399
        }
    },
    "500": {
        "model_memory_mb": {
            "mean": 26.5171875,
            "std": 0.42896423503761505,
            "ci_95": 0.5326294471632242
        },
        "embedding_memory_mb": {
            "mean": 0.732421875,
            "std": 0.0,
            "ci_95": 0.0
        },
        "embed_time_seconds": {
            "mean": 10.821654339999077,
            "std": 0.8328496902509702,
            "ci_95": 1.034119476299786
        },
        "index_time_seconds": {
            "mean": 0.00038124000129755584,
            "std": 0.0001599726894948109,
            "ci_95": 0.00019863232924153618
        },
        "index_memory_mb": {
            "mean": 0.7324647903442383,
            "std": 0.0,
            "ci_95": 0.0
        },
        "total_controlled_memory_mb": {
            "mean": 27.982074165344237,
            "std": 0.42896423503761505,
            "ci_95": 0.5326294471632242
        },
        "query_latency_mean_ms": {
            "mean": 12.289916800393257,
            "std": 1.8250067848717875,
            "ci_95": 2.2660452212529
        },
        "throughput_qps": {
            "mean": 82.7104033190445,
            "std": 11.478309934632527,
            "ci_95": 14.252204206057812
        }
    },
    "1000": {
        "model_memory_mb": {
            "mean": 26.2515625,
            "std": 0.7711930818746042,
            "ci_95": 0.9575626854275039
        },
        "embedding_memory_mb": {
            "mean": 1.46484375,
            "std": 0.0,
            "ci_95": 0.0
        },
        "embed_time_seconds": {
            "mean": 20.509485979998136,
            "std": 0.2366320098613418,
            "ci_95": 0.29381744746742616
        },
        "index_time_seconds": {
            "mean": 0.0006568999961018562,
            "std": 0.00010492380754494763,
            "ci_95": 0.00013028011438302194
        },
        "index_memory_mb": {
            "mean": 1.4648866653442383,
            "std": 0.0,
            "ci_95": 0.0
        },
        "total_controlled_memory_mb": {
            "mean": 29.181292915344237,
            "std": 0.7711930818746042,
            "ci_95": 0.9575626854275039
        },
        "query_latency_mean_ms": {
            "mean": 11.225014400057262,
            "std": 0.37170432421737226,
            "ci_95": 0.46153187735737067
        },
        "throughput_qps": {
            "mean": 89.13913294625276,
            "std": 3.018370245605787,
            "ci_95": 3.7478016672181584
        }
    },
    "2000": {
        "model_memory_mb": {
            "mean": 26.43671875,
            "std": 0.2490123312474329,
            "ci_95": 0.3091896468187276
        },
        "embedding_memory_mb": {
            "mean": 2.9296875,
            "std": 0.0,
            "ci_95": 0.0
        },
        "embed_time_seconds": {
            "mean": 38.200421660003485,
            "std": 2.984604101619667,
            "ci_95": 3.705875461872429
        },
        "index_time_seconds": {
            "mean": 0.0011186799965798855,
            "std": 0.0002972606970477132,
            "ci_95": 0.00036909790560510147
        },
        "index_memory_mb": {
            "mean": 2.9297304153442383,
            "std": 0.0,
            "ci_95": 0.0
        },
        "total_controlled_memory_mb": {
            "mean": 32.296136665344235,
            "std": 0.2490123312474329,
            "ci_95": 0.3091896468187276
        },
        "query_latency_mean_ms": {
            "mean": 10.967870400345419,
            "std": 0.4370327031345798,
            "ci_95": 0.542647773519881
        },
        "throughput_qps": {
            "mean": 91.26814945756924,
            "std": 3.595395462016978,
            "ci_95": 4.46427310449167
        }
    }
}